sku,name,url,price,img_url,description,allegens,weight,cals,fat_level,sat_level,sugar_level,salt_level,rating,Energy,Fat,Saturates,Mono_unsaturates,Polyunsaturates,Carbohydrate,Sugars,Starch,Fibre,Protein,Salt
8166928,Dairylea Dunkers Jumbo Tubes Cheese Snacks 41g,https://www.sainsburys.co.uk/shop/gb/groceries/product/details/dairylea-dunkers-jumbo-tubes-cheese-snacks-41g,1.30,https://assets.sainsburys-groceries.co.uk/gol/8166928/1/640x640.jpg,Cheese dip (7 % fat) with added Calcium and Corn & Potato Snack (29 %).,,41,98,,,,,4.5,,,,,,,,,,,
8115063,Fridge Raiders Slow Roasted Chicken Bites Meal Deal 45g,https://www.sainsburys.co.uk/shop/gb/groceries/product/details/fridge-raiders-slow-roasted-chicken-bites-meal-deal-50g,1.30,https://assets.sainsburys-groceries.co.uk/gol/8115063/1/640x640.jpg,Roast flavour chopped and shaped chicken breast.,,45,95,,,,,4.5,,,,,,,,,,,
8053880,Sainsbury's Carrot & Houmous 100g,https://www.sainsburys.co.uk/shop/gb/groceries/product/details/sainsburys-carrot-houmous-100g,1.30,https://assets.sainsburys-groceries.co.uk/gol/8053880/1/640x640.jpg,"Carrot with cooked chickpeas, sesame seed paste, concentrated lemon juice and garlic pur√©e",{'Sesame'},100,92,MEDIUM,LOW,LOW,MEDIUM,4.4,92,5.6,0.6,2.8,2,6.3,3.1,,3,2.6,0.37
8182578,Lindahls High Protein Strawberry Sundae Pro + Kvarg 150g,https://www.sainsburys.co.uk/shop/gb/groceries/product/details/lindahls-strawberry-sundae-pro-kvarg-150g,1.40,https://assets.sainsburys-groceries.co.uk/gol/8182578/1/640x640.jpg,Fat Free Quark with Strawberry Flavour and Sweeteners,,150,92,,,,,4.5,,,,,,,,,,,
7614744,Sainsbury's Dried Apricots 40g,https://www.sainsburys.co.uk/shop/gb/groceries/product/details/sainsburys-apricots-40g,0.80,https://assets.sainsburys-groceries.co.uk/gol/7614744/1/640x640.jpg,Partially Rehydrated Dried Apricot,"{' Sulphur Dioxide', 'bold'}",40,91,LOW,LOW,HIGH,LOW,4,91,0.5,0.1,0.1,0.1,19.7,14.6,5.1,3.8,1.1,0.01
7851927,Sainsbury's Trio Of Olives 60g,https://www.sainsburys.co.uk/shop/gb/groceries/product/details/sainsburys-trio-of-olives-60g,1.30,https://assets.sainsburys-groceries.co.uk/gol/7851927/1/640x640.jpg,"Pimento stuffed olives, pitted black and pitted green olives in a parsley dressing",,60,90,MEDIUM,MEDIUM,LOW,HIGH,4.5,90,8.9,1.4,6.1,1,1.1,0.5,,1.3,0.7,1.8
7197580,Marmite Rice Cakes 25g,https://www.sainsburys.co.uk/shop/gb/groceries/product/details/marmite-rice-cakes-25g,1.00,https://assets.sainsburys-groceries.co.uk/gol/7197580/1/640x640.jpg,Mini Rice Cakes with Marmite Yeast Extract,,25,88,,,,,3,,,,,,,,,,,
7809060,Sainsbury's Food To Go Mango 25g,https://www.sainsburys.co.uk/shop/gb/groceries/product/details/sainsburys-food-to-go-mango-25g,0.80,https://assets.sainsburys-groceries.co.uk/gol/7809060/1/640x640.jpg,Dried Sweetened Mango,{'Sulphites'},25,84,LOW,LOW,HIGH,LOW,5,84,0.5,0.1,,,19.6,15.5,,1.2,0.5,0.07
8105838,Sainsbury's Apple & Grape 130g,https://www.sainsburys.co.uk/shop/gb/groceries/product/details/sainsburys-apple-grape-130g,1.35,https://assets.sainsburys-groceries.co.uk/gol/8105838/1/640x640.jpg,Apple and grape,,130,81,LOW,LOW,MEDIUM,LOW,4.6,81,0.5,0.1,,,17.9,17.9,0.5,3,0.5,0.01
8178043,Sainsbury's Pineapple & Mango 160g,https://www.sainsburys.co.uk/shop/gb/groceries/product/details/sainsburys-pineapple-mango-160g,1.35,https://assets.sainsburys-groceries.co.uk/gol/8178043/1/640x640.jpg,Pineapple and mango,,160,80,LOW,LOW,MEDIUM,LOW,3.9,80,0.5,0.1,,,17.4,17.3,0.5,1.9,1,0.01
8119462,Sainsbury's On the Go Pineapple 160g,https://www.sainsburys.co.uk/shop/gb/groceries/product/details/sainsburys-on-the-go-pineapple-160g,1.35,https://assets.sainsburys-groceries.co.uk/gol/8119462/1/640x640.jpg,Pineapple chunks,{'\xa0'},160,73,LOW,LOW,MEDIUM,LOW,4.4,73,0.5,0.1,,,15.6,15.6,,2.6,0.6,0.01
7992360,"Sainsbury's On the Go Apple, Grape & Strawberry 135g",https://www.sainsburys.co.uk/shop/gb/groceries/product/details/sainsburys-ftg-apple-grape-strawberry-135g,1.35,https://assets.sainsburys-groceries.co.uk/gol/7992360/1/640x640.jpg,"Apple, grape and strawberry",,135,54,LOW,LOW,MEDIUM,LOW,4.4,54,0.5,0.1,,,11.6,11.6,0.5,1,0.6,0.01
8119458,Sainsbury's On the Go Watermelon 160g,https://www.sainsburys.co.uk/shop/gb/groceries/product/details/sainsburys-on-the-go-watermelon-160g,1.35,https://assets.sainsburys-groceries.co.uk/gol/8119458/1/640x640.jpg,Watermelon chunks,,160,51,LOW,LOW,MEDIUM,LOW,4.9,51,0.5,0.2,,,10.9,10.9,,0.5,0.7,0.01
8119464,Sainsbury's On the Go Melon Medley 160g,https://www.sainsburys.co.uk/shop/gb/groceries/product/details/sainsburys-on-the-go-melon-medley-160g,1.35,https://assets.sainsburys-groceries.co.uk/gol/8119464/1/640x640.jpg,Melon,,160,49,LOW,LOW,MEDIUM,LOW,4.6,49,0.5,0.1,,,10.6,10.6,,1,1,0.13
8046901,Batchelors Big Super Noodles Pot Chicken Flavour 100g,https://www.sainsburys.co.uk/shop/gb/groceries/product/details/batchelors-big-super-noodles-chicken-flavour-100g,1.20,https://assets.sainsburys-groceries.co.uk/gol/8046901/1/640x640.jpg,Dried noodles in a chicken flavour seasoning with peas and sweetcorn.,,100,469,MEDIUM,HIGH,LOW,HIGH,3.5,,,,,,,,,,,
8175171,Sainsbury's Mini Pork Pies x2 100g,https://www.sainsburys.co.uk/shop/gb/groceries/product/details/sainsburys-mini-pork-pies-x2-100g,1.30,https://assets.sainsburys-groceries.co.uk/gol/8175171/1/640x640.jpg,Seasoned cured pork baked in pastry,"{'Egg', 'Wheat'}",100,380,HIGH,HIGH,LOW,MEDIUM,4.2,380,24.3,9.6,10,3.5,30.3,1.4,28.9,1.6,9.3,0.87
8046912,"Batchelors Big Pasta 'n' Sauce, Cheese & Broccoli 85g",https://www.sainsburys.co.uk/shop/gb/groceries/product/details/batchelors-big-pasta-sauce-cheese-broccoli-85g,1.20,https://assets.sainsburys-groceries.co.uk/gol/8046912/1/640x640.jpg,Dried pasta spirals in a mild cheese sauce mix with broccoli pieces and onion.,,85,324,LOW,LOW,LOW,HIGH,4.2,,,,,,,,,,,
8172326,Sainsbury's Sausage Roll 90g,https://www.sainsburys.co.uk/shop/gb/groceries/product/details/sainsburys-sausage-roll-90g,1.30,https://assets.sainsburys-groceries.co.uk/gol/8172326/1/640x640.jpg,Seasoned British pork sausagemeat wrapped in puff pastry,"{'Wheat', 'Milk'}",90,284,MEDIUM,HIGH,LOW,MEDIUM,3.6,284,15.4,6.7,5.8,2.1,27.6,2,25.6,1.7,7.9,0.88
8056842,Sainsbury's On the Go Scotch Egg 113g,https://www.sainsburys.co.uk/shop/gb/groceries/product/details/sainsburys-on-the-go-scotch-egg-113g,1.30,https://assets.sainsburys-groceries.co.uk/gol/8056842/1/640x640.jpg,British pork sausagemeat filled with a whole egg and coated in breadcrumbs,"{'Wheat', 'Egg'}",113,281,MEDIUM,MEDIUM,LOW,MEDIUM,4.5,281,18.2,5.4,8.6,3.3,16.3,0.9,15.4,1.2,12.3,0.77
7966371,Kind Protein Dark Chocolate Nut 50g,https://www.sainsburys.co.uk/shop/gb/groceries/product/details/kind-protein-dark-chocolate-nut-50g,2.20,https://assets.sainsburys-groceries.co.uk/gol/7966371/1/640x640.jpg,"Mixed Nuts (54%) Protein Bar with Peanuts (38%), Almonds (15%) and Dark Chocolate (15%).",,50,268,,,,,4.6,,,,,,,,,,,
8151352,Discos Salt & Vinegar Grab Bag Crisps 50g,https://www.sainsburys.co.uk/shop/gb/groceries/product/details/discos-salt-vinegar-grab-bag-crisps-50g,1.10,https://assets.sainsburys-groceries.co.uk/gol/8151352/1/640x640.jpg,Salt & Vinegar Flavour Wheat Snack,,50,262,HIGH,HIGH,LOW,HIGH,4.8,,,,,,,,,,,
7926588,KIND Protein Crunchy Peanut Butter Snack Bar 50g,https://www.sainsburys.co.uk/shop/gb/groceries/product/details/kind-protein-crunchy-peanut-butter-50g,2.20,https://assets.sainsburys-groceries.co.uk/gol/7926588/1/640x640.jpg,"Mixed Nuts (54%) Protein Bar with Peanuts (54%), Caramel Flavoured Coating (14%) and Peanut Butter (4%).",,50,256,,,,,5,,,,,,,,,,,
7812480,Walkers Max Zingy Salt & Malt Vinegar Crisps 50g,https://www.sainsburys.co.uk/shop/gb/groceries/product/details/walkers-max-zingy-salt-malt-vinegar-crisps-50g,1.10,https://assets.sainsburys-groceries.co.uk/gol/7812480/1/640x640.jpg,Zingy Salt and Malt Vinegar Flavour Ridged Potato Crisps,,50,255,HIGH,MEDIUM,LOW,MEDIUM,4,,,,,,,,,,,
6034888,Nik Naks Nice'N'Spicy Grab Bag Crisps 45g,https://www.sainsburys.co.uk/shop/gb/groceries/product/details/kp-nik-naks-nice-n-spicy-grab-bag-50g,1.10,https://assets.sainsburys-groceries.co.uk/gol/6034888/1/640x640.jpg,Nice 'N' Spicy Flavour Corn Snack,,45,255,HIGH,MEDIUM,LOW,HIGH,4.7,,,,,,,,,,,
7812466,Walkers Max Flame Grilled Steak Crisps 50g,https://www.sainsburys.co.uk/shop/gb/groceries/product/details/walkers-max-flame-grilled-steak-50g,1.10,https://assets.sainsburys-groceries.co.uk/gol/7812466/1/640x640.jpg,Sizzling Flame Grilled Steak Flavour Ridged Potato Crisps,,50,254,HIGH,MEDIUM,LOW,MEDIUM,4.3,,,,,,,,,,,
7999333,Sainsbury's Millionaires Slice 50g,https://www.sainsburys.co.uk/shop/gb/groceries/product/details/sainsburys-millionaires-slice-50g,1.00,https://assets.sainsburys-groceries.co.uk/gol/7999333/1/640x640.jpg,Shortbread with a layer of caramel topped with milk & white chocolate,"{'Sulphur Dioxide', 'Soya', 'Milk', 'Wheat'}",50,254,HIGH,HIGH,HIGH,MEDIUM,4.6,254,13.6,7.3,4.6,1,30.2,21.2,8.9,0.5,2.4,0.24
3165515,Walkers Max Crisps Paprika 50g,https://www.sainsburys.co.uk/shop/gb/groceries/product/details/walkers-max-crisps-paprika-50g,1.10,https://assets.sainsburys-groceries.co.uk/gol/3165515/1/640x640.jpg,Punchy Paprika Flavour Ridged Potato Crisps,,50,254,HIGH,MEDIUM,LOW,MEDIUM,4.7,,,,,,,,,,,
7999369,Sainsbury's Fruit & Seed Granola 50g,https://www.sainsburys.co.uk/shop/gb/groceries/product/details/sainsburys-fruit-seed-granola-50g,1.00,https://assets.sainsburys-groceries.co.uk/gol/7999369/1/640x640.jpg,"Granola Bars with Dried Apricots, Sweetened Dried Cranberries, Pumpkins Seeds, Sunflower Seeds, Sultanas and Hazelnuts","{'Hazelnuts', 'Milk', 'Sulphites', 'Oats', 'Sulphur Dioxide'}",50,250,HIGH,HIGH,HIGH,LOW,4,250,14.8,5.7,5.6,2.7,24,14,10,2,4.3,0.12
7730980,Yorkie Original Milk Chocolate Bar 46g,https://www.sainsburys.co.uk/shop/gb/groceries/product/details/yorkie-original-milk-chocolate-bar-46g-7730980-p,0.95,https://assets.sainsburys-groceries.co.uk/gol/7730980/1/640x640.jpg,Chunky milk chocolate,,46,249,,,,,4.7,,,,,,,,,,,
4037897,Cadbury Boost Chocolate Bar 48.5g,https://www.sainsburys.co.uk/shop/gb/groceries/product/details/cadbury-boost-glucose,1.05,https://assets.sainsburys-groceries.co.uk/gol/4037897/1/640x640.jpg,Milk Chocolate Bar With Caramel (26 %) And Biscuit (3 %) Filling.,,48.5,249,,,,,4.7,,,,,,,,,,,
7557605,Cadbury Starbar Chocolate Bar 49g,https://www.sainsburys.co.uk/shop/gb/groceries/product/details/cadbury-starbar-49g,1.05,https://assets.sainsburys-groceries.co.uk/gol/7557605/1/640x640.jpg,Milk Chocolate With Caramel (30 %) And Peanut (23 %) Centre.,,49,249,,,,,5,,,,,,,,,,,
7976197,Sainsbury's Free From Chocolate Brownie Bar 50g,https://www.sainsburys.co.uk/shop/gb/groceries/product/details/sainsburys-free-from-chocolate-brownie-50g,1.20,https://assets.sainsburys-groceries.co.uk/gol/7976197/1/640x640.jpg,Chocolate brownie slice with dark chocolate chips,{'Egg'},50,245,HIGH,HIGH,HIGH,LOW,4.5,245,14.6,5.1,6.8,2.1,25.1,15.7,9.5,1.5,2.6,0.07
8120244,Kind Maple Pecan Almond Snack Bar 40g,https://www.sainsburys.co.uk/shop/gb/groceries/product/details/kind-maple-pecan-almond-snack-bar-40g,1.40,https://assets.sainsburys-groceries.co.uk/gol/8120244/1/640x640.jpg,"Mixed Nuts (82%) Bar with Pecans (28%), Almonds (27%) Peanuts (27%) and Maple Syrup (2%).",,40,240,,,,,4.7,,,,,,,,,,,
3321003,Cadbury Dairy Milk Chocolate Bar 45g,https://www.sainsburys.co.uk/shop/gb/groceries/product/details/cadbury-dairy-milk-chocolate-45g,1.05,https://assets.sainsburys-groceries.co.uk/gol/3321003/1/640x640.jpg,Milk Chocolate.,,45,240,,,,,4.8,,,,,,,,,,,
8187731,Sainsbury's Falafels x4 80g,https://www.sainsburys.co.uk/shop/gb/groceries/product/details/sainsburys-falafels-x4-80g,1.30,https://assets.sainsburys-groceries.co.uk/gol/8187731/1/640x640.jpg,"Falafels made with onions, broad beans, chickpeas and spinach flavoured with coriander and spices",{'Wheat'},80,238,HIGH,LOW,LOW,MEDIUM,2.7,238,15,1.2,9,4.1,16,1,15,7,6.2,0.51
4055334,McCoy's Salt and Malt Vinegar Grab Bag Crisps 45g,https://www.sainsburys.co.uk/shop/gb/groceries/product/details/mccoys-salt---vinegar-50g,1.10,https://assets.sainsburys-groceries.co.uk/gol/4055334/1/640x640.jpg,Salt & Malt Vinegar Flavour Potato Crisps,,45,238,HIGH,MEDIUM,LOW,HIGH,4.6,,,,,,,,,,,
8120205,Walkers Less Salt Lightly Salted Crisps 45g,https://www.sainsburys.co.uk/shop/gb/groceries/product/details/walkers-less-salt-lightly-salted-crisps-45g,1.10,https://assets.sainsburys-groceries.co.uk/gol/8120205/1/640x640.jpg,Lightly Salted Potato Crisps,,45,237,HIGH,MEDIUM,LOW,MEDIUM,4.7,,,,,,,,,,,
8152056,McCoy's Ridge Cut Cheddar & Onion Flavour Potato Crisps 45g,https://www.sainsburys.co.uk/shop/gb/groceries/product/details/mccoys-ridge-cut-cheddar-onion-flavour-potato-crisps-45g,1.10,https://assets.sainsburys-groceries.co.uk/gol/8152056/1/640x640.jpg,Cheddar & Onion Flavour Potato Crisps,,45,237,HIGH,MEDIUM,LOW,MEDIUM,4.9,,,,,,,,,,,
8061040,McCoy's Thai Sweet Chicken Grab Bag Crisps 45g,https://www.sainsburys.co.uk/shop/gb/groceries/product/details/mccoys-thai-sweet-chicken-crisps-475g,1.10,https://assets.sainsburys-groceries.co.uk/gol/8061040/1/640x640.jpg,Thai Sweet Chicken Flavour Potato Crisps,,45,236,HIGH,MEDIUM,LOW,MEDIUM,4.9,,,,,,,,,,,
8170136,McCoy's Steak Flavour Flame Grilled Potato Crisps 45g,https://www.sainsburys.co.uk/shop/gb/groceries/product/details/mccoys-flame-grilled-steak-flavour-potato-crisps-45g,1.10,https://assets.sainsburys-groceries.co.uk/gol/8170136/1/640x640.jpg,Flame Grilled Steak Flavour Potato Crisps,,45,236,HIGH,MEDIUM,LOW,MEDIUM,4.9,,,,,,,,,,,
7999038,Sainsbury's Double Chocolate Brownie 50g,https://www.sainsburys.co.uk/shop/gb/groceries/product/details/sainsburys-double-chocolate-brownie-50g,1.00,https://assets.sainsburys-groceries.co.uk/gol/7999038/1/640x640.jpg,Chocolate brownie with plain chocolate and milk chocolate,"{'Wheat', 'Milk', 'Soya', 'Egg'}",50,235,HIGH,HIGH,HIGH,LOW,3.7,235,12.7,5.5,5.1,1.5,27,20.5,6.5,0.5,2.8,0.14
8001360,Walkers Ready Salted Crisps 45g,https://www.sainsburys.co.uk/shop/gb/groceries/product/details/walkers-ready-salted-crisps-45g,1.10,https://assets.sainsburys-groceries.co.uk/gol/8001360/1/640x640.jpg,Ready Salted Potato Crisps,,45,233,HIGH,MEDIUM,LOW,MEDIUM,4.4,,,,,,,,,,,
8120207,Walkers Less Salt Mild Cheese & Onion Crisps 45g,https://www.sainsburys.co.uk/shop/gb/groceries/product/details/walkers-less-salt-mild-cheese-onion-crisps-45g,1.10,https://assets.sainsburys-groceries.co.uk/gol/8120207/1/640x640.jpg,Mild Cheese & Onion Flavour Potato Crisps,{'Milk'},45,233,HIGH,MEDIUM,LOW,MEDIUM,4.8,,,,,,,,,,,
4019565,Cadbury Picnic Chocolate Bar 48g,https://www.sainsburys.co.uk/shop/gb/groceries/product/details/cadbury-picnic-484g,1.05,https://assets.sainsburys-groceries.co.uk/gol/4019565/1/640x640.jpg,"Milk chocolate with caramel (30 %), peanut (13 %), crispy cereal (10 %) & dried grapes (7 %) centre.",,48,232,,,,,4.7,,,,,,,,,,,
8001456,Walkers Smoky Bacon Crisps 45g,https://www.sainsburys.co.uk/shop/gb/groceries/product/details/walkers-smoky-bacon-crisps-45g,1.10,https://assets.sainsburys-groceries.co.uk/gol/8001456/1/640x640.jpg,Smoky Bacon Flavour Potato Crisps,,45,231,HIGH,MEDIUM,LOW,MEDIUM,3.9,,,,,,,,,,,
8001354,Walkers Cheese & Onion Crisps 45g,https://www.sainsburys.co.uk/shop/gb/groceries/product/details/walkers-cheese-onion-crisps-50g,1.10,https://assets.sainsburys-groceries.co.uk/gol/8001354/1/640x640.jpg,Cheese & Onion Flavour Potato Crisps,,45,230,HIGH,MEDIUM,LOW,MEDIUM,4.1,,,,,,,,,,,
8001432,Walkers Prawn Cocktail Crisps 45g,https://www.sainsburys.co.uk/shop/gb/groceries/product/details/walkers-prawn-cocktail-crisps-45g,1.10,https://assets.sainsburys-groceries.co.uk/gol/8001432/1/640x640.jpg,Prawn Cocktail Flavour Potato Crisps (with sugar and sweetener),,45,230,HIGH,MEDIUM,LOW,MEDIUM,4.2,,,,,,,,,,,
8001465,Walkers Roast Chicken Crisps 45g,https://www.sainsburys.co.uk/shop/gb/groceries/product/details/walkers-roast-chicken-crisps-45g,1.10,https://assets.sainsburys-groceries.co.uk/gol/8001465/1/640x640.jpg,Roast Chicken Flavour Potato Crisps,,45,230,HIGH,MEDIUM,LOW,MEDIUM,4.5,,,,,,,,,,,
8001375,Walkers Salt & Vinegar Crisps 45g,https://www.sainsburys.co.uk/shop/gb/groceries/product/details/walkers-salt-vinegar-crisps-45g,1.10,https://assets.sainsburys-groceries.co.uk/gol/8001375/1/640x640.jpg,Salt and Vinegar Flavour Potato Crisps,,45,230,HIGH,MEDIUM,LOW,HIGH,4.6,,,,,,,,,,,
8210648,Doritos Tangy Cheese Tortilla Chips Grab Bag Crisps 48g,https://www.sainsburys.co.uk/shop/gb/groceries/product/details/doritos-tangy-cheese-tortilla-chips-grab-bag-crisps-48g,1.00,https://assets.sainsburys-groceries.co.uk/gol/8210648/1/640x640.jpg,Tangy Cheese Flavour Corn Chips,,48,230,HIGH,MEDIUM,LOW,MEDIUM,4.8,,,,,,,,,,,
8206300,Doritos Cool Original Tortilla Chips Grab Bag Crisps 48g,https://www.sainsburys.co.uk/shop/gb/groceries/product/details/doritos-cool-original-tortilla-chips-grab-bag-crisps-48g,1.00,https://assets.sainsburys-groceries.co.uk/gol/8206300/1/640x640.jpg,Cool Original Flavour Corn Chips,,48,230,HIGH,MEDIUM,LOW,MEDIUM,4.8,,,,,,,,,,,
8206298,Doritos Chilli Heatwave Tortilla Chips Grab Bag Crisps 48g,https://www.sainsburys.co.uk/shop/gb/groceries/product/details/doritos-chilli-heatwave-tortilla-chips-grab-bag-crisps-48g,1.00,https://assets.sainsburys-groceries.co.uk/gol/8206298/1/640x640.jpg,Chilli Heat Flavour Corn Chips,,48,230,,MEDIUM,LOW,MEDIUM,4.9,,,,,,,,,,,
8170134,Hula Hoops Salt & Vinegar Flavour Big Hoops Sharp 45g,https://www.sainsburys.co.uk/shop/gb/groceries/product/details/hula-hoops-big-hoops-sharp-salt-vinegar-flavour-45g,1.10,https://assets.sainsburys-groceries.co.uk/gol/8170134/1/640x640.jpg,Salt & Vinegar Flavour Potato Rings,,45,230,HIGH,MEDIUM,LOW,HIGH,5,,,,,,,,,,,
7553100,Big Hoops Salted Grab Bag Crisps 45g,https://www.sainsburys.co.uk/shop/gb/groceries/product/details/hula-hoops-big-hoops-original-potato-rings-50g,1.10,https://assets.sainsburys-groceries.co.uk/gol/7553100/1/640x640.jpg,Salted Potato Rings,,45,228,HIGH,MEDIUM,LOW,HIGH,4.2,,,,,,,,,,,
7558451,Big Hoops BBQ Beef Grab Bag Crisps 45g,https://www.sainsburys.co.uk/shop/gb/groceries/product/details/hula-hoops-big-hoops-bbq-potato-rings-50g,1.10,https://assets.sainsburys-groceries.co.uk/gol/7558451/1/640x640.jpg,Barbecue Beef Flavour Potato Rings,,45,228,HIGH,MEDIUM,LOW,HIGH,4.9,,,,,,,,,,,
7731232,Yorkie Raisin & Biscuit Milk Chocolate Bar 44g,https://www.sainsburys.co.uk/shop/gb/groceries/product/details/yorkie-raisin---biscuit-milk-chocolate-bar-46g-7731232-p,0.95,https://assets.sainsburys-groceries.co.uk/gol/7731232/1/640x640.jpg,Chunky milk chocolate with raisins (13%) and biscuits (4%),,44,224,,,,,4.5,,,,,,,,,,,
7999207,Sainsbury's All Butter Flapjack 50g,https://www.sainsburys.co.uk/shop/gb/groceries/product/details/sainsburys-all-butter-flapjack-50g,1.00,https://assets.sainsburys-groceries.co.uk/gol/7999207/1/640x640.jpg,All butter flapjack slice,"{'Milk', 'Oats'}",50,224,HIGH,HIGH,HIGH,MEDIUM,5,224,9.1,5.1,2.7,0.6,31.5,15.8,15.7,1.7,3.3,0.21
7731117,KitKat Chunky Peanut Butter Milk Chocolate Bar 42g,https://www.sainsburys.co.uk/shop/gb/groceries/product/details/kit-kat-chunky-peanut-butter-chocolate-bar-42g-7731117-p,0.95,https://assets.sainsburys-groceries.co.uk/gol/7731117/1/640x640.jpg,Crispy wafer finger with a creamed peanut topping (19%) covered with milk chocolate (61%).,,42,222,,,,,4.5,,,,,,,,,,,
7796185,KIND Dark Chocolate Nuts & Sea Salt Snack Bar 40g,https://www.sainsburys.co.uk/shop/gb/groceries/product/details/kind-nuts---spices-dark-chocolate-nuts---sea-salt-bar-40g,1.40,https://assets.sainsburys-groceries.co.uk/gol/7796185/1/640x640.jpg,"Mixed Nuts (60%) Bar with Almonds (30%), Dark Chocolate (16%) and Sea Salt.",,40,218,,,,,4.9,,,,,,,,,,,
2566375,Cadbury Dairy Milk Caramel Chocolate Bar Single 45g,https://www.sainsburys.co.uk/shop/gb/groceries/product/details/cadbury-caramel-bar--single-45g,1.05,https://assets.sainsburys-groceries.co.uk/gol/2566375/1/640x640.jpg,Milk Chocolate With Caramel Centre (40 %).,,45,217,,,,,5,,,,,,,,,,,
7796192,KIND Caramel Almond & Sea Salt Snack Bar 40g,https://www.sainsburys.co.uk/shop/gb/groceries/product/details/kind-nuts---spices-caramel-almond---sea-salt-bar-40g,1.40,https://assets.sainsburys-groceries.co.uk/gol/7796192/1/640x640.jpg,Almonds (65%) Bar with Caramel Flavouring (19%) and Sea Salt.,,40,214,,,,,4.7,,,,,,,,,,,
8120242,Kind Fruit & Nut Snack Bar 40g,https://www.sainsburys.co.uk/shop/gb/groceries/product/details/kind-fruit-nut-snack-bar-40g,1.40,https://assets.sainsburys-groceries.co.uk/gol/8120242/1/640x640.jpg,"Mixed Nuts (65%) Bar with Almonds (33%), and Mixed Fruits (17%).",,40,213,,,,,4.7,,,,,,,,,,,
7754226,Pringles Original Crisps Can 40g,https://www.sainsburys.co.uk/shop/gb/groceries/product/details/pringles-original-40g,1.05,https://assets.sainsburys-groceries.co.uk/gol/7754226/1/640x640.jpg,Savoury Snack.,,40,212,,,,,3.8,,,,,,,,,,,
7754222,Pringles Sour Cream & Onion Crisps Can 40g,https://www.sainsburys.co.uk/shop/gb/groceries/product/details/pringles-sour-cream---onion-40g,1.05,https://assets.sainsburys-groceries.co.uk/gol/7754222/1/640x640.jpg,Sour Cream and Onion Flavour Savoury Snack.,,40,207,,,,,4.8,,,,,,,,,,,
8190947,Eat Natural Protein Peanuts Dark Chocolate Fruit & Nut Bars 40g,https://www.sainsburys.co.uk/shop/gb/groceries/product/details/eat-natural-protein-peanuts-dark-chocolate-fruit-nut-bars-40g,1.25,https://assets.sainsburys-groceries.co.uk/gol/8190947/1/640x640.jpg,A bar of peanuts and coconut with chocolate chunks and soya crispies.,,40,204,,,,,4.6,,,,,,,,,,,
7731107,KitKat Chunky Milk Chocolate Bar 40g,https://www.sainsburys.co.uk/shop/gb/groceries/product/details/kit-kat-chunky-milk-chocolate-bar-40g-7731107-p,0.95,https://assets.sainsburys-groceries.co.uk/gol/7731107/1/640x640.jpg,Crispy wafer finger covered with thick milk chocolate (68%).,,40,202,,,,,4.1,,,,,,,,,,,
8052900,Sainsbury's Cocktail Sausages & Tomato Ketchup 98g,https://www.sainsburys.co.uk/shop/gb/groceries/product/details/sainsburys-cocktail-sausages-heinz-ketchup-98g,1.30,https://assets.sainsburys-groceries.co.uk/gol/8052900/1/640x640.jpg,Pork cocktail sausages in beef casing with tomato ketchup,{'Wheat'},98,202,MEDIUM,MEDIUM,MEDIUM,MEDIUM,4.2,202,10.4,3.8,4.5,1.7,16.7,6.3,10.4,1.5,9.6,1.4
8205433,Cheez-It Cheese & Chilli Thin & Crispy Baked Snacks 40g,https://www.sainsburys.co.uk/shop/gb/groceries/product/details/cheez-it-cheese-chilli-thin-crispy-baked-snacks-40g,1.00,https://assets.sainsburys-groceries.co.uk/gol/8205433/1/640x640.jpg,Thin & Crispy Baked Snacks with Cheese and Cheese & Chilli Seasoning.,,40,200,,,,,4.4,,,,,,,,,,,
8205435,Cheez-It Double Cheese Thin & Crispy Baked Snacks 40g,https://www.sainsburys.co.uk/shop/gb/groceries/product/details/cheez-it-snapd-double-cheese-baked-snacks-40g,1.00,https://assets.sainsburys-groceries.co.uk/gol/8205435/1/640x640.jpg,Thin & Crispy Baked Snacks with Cheese and Cheese Seasoning.,,40,200,,,,,4.8,,,,,,,,,,,
6853491,Mega Monster Munch Pickled Onion Snacks Crisps 40g,https://www.sainsburys.co.uk/shop/gb/groceries/product/details/monster-munch-pickled-onion-40g-6853491-p-44,1.10,https://assets.sainsburys-groceries.co.uk/gol/6853491/1/640x640.jpg,Pickled Onion Flavour Baked Corn Snack,,40,197,HIGH,MEDIUM,LOW,HIGH,4.8,,,,,,,,,,,
7067811,Mega Monster Munch Roast Beef Snacks Crisps 40g,https://www.sainsburys.co.uk/shop/gb/groceries/product/details/monster-munch-roast-beef-40g-7067811-p-44,1.10,https://assets.sainsburys-groceries.co.uk/gol/7067811/1/640x640.jpg,Roast Beef Flavour Baked Corn Snack,,40,197,HIGH,MEDIUM,LOW,HIGH,5,,,,,,,,,,,
6924968,Nature Valley Crunchy Oats & Honey Cereal Bar 42g,https://www.sainsburys.co.uk/shop/gb/groceries/product/details/nature-valley-oats-n-honey-42g,0.75,https://assets.sainsburys-groceries.co.uk/gol/6924968/1/640x640.jpg,Crunchy cereal bars made with whole grain rolled oats and honey.,,42,196,,,,,4.3,,,,,,,,,,,
7902626,Nature Valley Protein Peanut & Chocolate Cereal Bars 40g,https://www.sainsburys.co.uk/shop/gb/groceries/product/details/nature-valley-protein-bar-peanut-chocolate-40g,1.10,https://assets.sainsburys-groceries.co.uk/gol/7902626/1/640x640.jpg,Chewy protein bar with peanuts and chocolate dipped in a chocolate flavoured coating.,,40,196,,,,,4.6,,,,,,,,,,,
6661440,Cadbury Wispa Chocolate Bar 36g,https://www.sainsburys.co.uk/shop/gb/groceries/product/details/cadbury-wispa-bar,1.05,https://assets.sainsburys-groceries.co.uk/gol/6661440/1/640x640.jpg,Textured Milk Chocolate Bar.,,36,196,,,,,4.7,,,,,,,,,,,
8194088,Walkers Sensations Mature Cheddar Cheese & Chilli Crisps 40g,https://www.sainsburys.co.uk/shop/gb/groceries/product/details/walkers-sensations-mature-cheddar-cheese-chilli-grab-bag-crisps-40g-8194088-p-44,1.10,https://assets.sainsburys-groceries.co.uk/gol/8194088/1/640x640.jpg,Mature Cheddar and chilli Chutney Flavour Potato Crisps,,40,195,HIGH,MEDIUM,LOW,MEDIUM,4.4,,,,,,,,,,,
8206306,Walkers Sensations Thai Sweet Chilli Grab Bag Crisps 40g,https://www.sainsburys.co.uk/shop/gb/groceries/product/details/walkers-sensations-thai-sweet-chilli-grab-bag-crisps-40g,1.00,https://assets.sainsburys-groceries.co.uk/gol/8206306/1/640x640.jpg,Thai Sweet Chilli Flavour Potato Crisps,,40,195,HIGH,MEDIUM,LOW,MEDIUM,4.8,,,,,,,,,,,
7855012,Yorkie Duo Chocolate Bar 72g,https://www.sainsburys.co.uk/shop/gb/groceries/product/details/yorkie-duo-chocolate-bar-72g,1.15,https://assets.sainsburys-groceries.co.uk/gol/7855012/1/640x640.jpg,"Two, 3 chunk bars of solid, smooth milk chocolate",,72,195,,,,,4.9,,,,,,,,,,,
7552056,Aero Peppermint Chocolate Bar 36g,https://www.sainsburys.co.uk/shop/gb/groceries/product/details/aero-peppermint-bubbly-bar-40g,0.95,https://assets.sainsburys-groceries.co.uk/gol/7552056/1/640x640.jpg,Smooth milk chocolate filled with peppermint flavoured bubbles.,,36,194,,,,,4.8,,,,,,,,,,,
7616833,Sainsbury's Toasted Sunflower & Pumpkin Seed Mix 30g,https://www.sainsburys.co.uk/shop/gb/groceries/product/details/sainsburys-toasted-sunflower---pumpkin-seeds-30g,0.60,https://assets.sainsburys-groceries.co.uk/gol/7616833/1/640x640.jpg,A mix of toasted pumpkin seeds and toasted sunflower seeds,,30,192,HIGH,HIGH,LOW,LOW,3.6,192,16.6,2.3,7.4,6.2,0.9,0.7,0.5,1.8,9,0.03
7774944,Skips Prawn Cocktail Grab Bag Crisps 35g,https://www.sainsburys.co.uk/shop/gb/groceries/product/details/skips-prawn-cocktail-40g,1.10,https://assets.sainsburys-groceries.co.uk/gol/7774944/1/640x640.jpg,Prawn Cocktail Flavour Tapioca Snack,,35,191,HIGH,MEDIUM,MEDIUM,HIGH,4.8,,,,,,,,,,,
8190951,Eat Natural Almond Apricot with a Yoghurt Coating Fruit & Nut Bars 40g,https://www.sainsburys.co.uk/shop/gb/groceries/product/details/eat-natural-almond-apricot-with-a-yoghurt-coating-fruit-nut-bars-40g,1.25,https://assets.sainsburys-groceries.co.uk/gol/8190951/1/640x640.jpg,A bar of nuts and dried fruit with a yoghurt flavour coating,,40,190,,,,,4.7,,,,,,,,,,,
8192213,Cadbury Starbar Duo Chocolate Bar 74g,https://www.sainsburys.co.uk/shop/gb/groceries/product/details/cadbury-starbar-duo-chocolate-bar-74g,1.30,https://assets.sainsburys-groceries.co.uk/gol/8192213/1/640x640.jpg,2 Milk Chocolate Bars With Caramel (30 %) And Peanut (23 %) Centre.,,74,188,,,,,4.8,,,,,,,,,,,
7900282,Sainsbury's On the Go Roasted & Salted Mixed Nuts 60g,https://www.sainsburys.co.uk/shop/gb/groceries/product/details/sainsburys-on-the-go-roasted-salted-mixed-nuts-60g,1.05,https://assets.sainsburys-groceries.co.uk/gol/7900282/1/640x640.jpg,"Roasted and salted peanuts, cashew nuts and almonds","{'Cashew Nuts', 'Peanuts', 'Almonds'}",60,186,HIGH,HIGH,LOW,MEDIUM,4.7,186,15.6,2.4,8.3,4.2,3.2,1.4,1.7,2.7,6.9,0.14
2517155,Cadbury Crunchie Chocolate Bar Single 40g,https://www.sainsburys.co.uk/shop/gb/groceries/product/details/cadbury-crunchie-bar-40g,1.05,https://assets.sainsburys-groceries.co.uk/gol/2517155/1/640x640.jpg,Milk Chocolate With Golden Honeycombed Centre (38%).,,40,186,,,,,5,,,,,,,,,,,
8173485,KP Roasted Peanuts Dry Snack Pack 30g,https://www.sainsburys.co.uk/shop/gb/groceries/product/details/kp-snack-pack-dry-roasted-peanuts-30g,0.70,https://assets.sainsburys-groceries.co.uk/gol/8173485/1/640x640.jpg,Dry Roasted Peanuts,,30,179,,,,,4,,,,,,,,,,,
7920998,Walkers Squares Salt & Vinegar Snacks Crisps 40g,https://www.sainsburys.co.uk/shop/gb/groceries/product/details/walkers-squares-salt-vinegar-snacks-crisps-40g,1.10,https://assets.sainsburys-groceries.co.uk/gol/7920998/1/640x640.jpg,Salt & Vinegar Flavour Potato Snack,,40,177,HIGH,LOW,LOW,HIGH,4.7,,,,,,,,,,,
3567272,Kellogg's Nutri-Grain Bakes Raisin 45g,https://www.sainsburys.co.uk/shop/gb/groceries/product/details/kelloggs-nutri-grain-elevenses-raisin-bake-45g,0.85,https://assets.sainsburys-groceries.co.uk/gol/3567272/1/640x640.jpg,"Wheat and Oat Bakes with Raisins, Fortified with Vitamins and Iron.",,45,170,,,,,4,,,,,,,,,,,
2566382,Cadbury Flake Chocolate Bar 32g,https://www.sainsburys.co.uk/shop/gb/groceries/product/details/cadbury-flake-32g,1.05,https://assets.sainsburys-groceries.co.uk/gol/2566382/1/640x640.jpg,"The Crumbliest, Flakiest Milk Chocolate",,32,168,,,,,4.8,,,,,,,,,,,
7855016,Yorkie Raisin & Biscuit Chocolate Duo Bar 66g,https://www.sainsburys.co.uk/shop/gb/groceries/product/details/yorkie-raisin-biscuit-chocolate-duo-bar-66g,1.15,https://assets.sainsburys-groceries.co.uk/gol/7855016/1/640x640.jpg,Chunky milk chocolate with raisins (13%) and biscuits (4%),,66,168,,,,,4.9,,,,,,,,,,,
8123825,McVitie's Jaffa Cake Jonuts Biscuits Single Serve Pack,https://www.sainsburys.co.uk/shop/gb/groceries/product/details/mcvities-jaffa-cake-jonuts-biscuits-single-serve-pack,0.85,https://assets.sainsburys-groceries.co.uk/gol/8123825/1/640x640.jpg,"1 Light Sponge Doughnut Shaped Ring with Orange Flavoured Filling, Covered in Dark Crackly Chocolate",,43,167,,,,,4.3,,,,,,,,,,,
8087406,Kit Kat Chunky Duo Milk Chocolate Chocolate Bar 64g,https://www.sainsburys.co.uk/shop/gb/groceries/product/details/kitkat-chunky-duo-64g,1.15,https://assets.sainsburys-groceries.co.uk/gol/8087406/1/640x640.jpg,Crispy wafer fingers covered with thick milk chocolate (70%).,,64,165,,,,,4.8,,,,,,,,,,,
6821965,Walkers Baked Sea Salt Snacks Crisps 37.5g,https://www.sainsburys.co.uk/shop/gb/groceries/product/details/walkers-baked-ready-salted-crisps-375g,1.10,https://assets.sainsburys-groceries.co.uk/gol/6821965/1/640x640.jpg,Sea Salt Flavour Baked Potato Snack,,37.5,164,MEDIUM,LOW,MEDIUM,MEDIUM,3.8,,,,,,,,,,,
6821961,Walkers Baked Cheese & Onion Crisps Snacks 37.5g,https://www.sainsburys.co.uk/shop/gb/groceries/product/details/walkers-baked-cheese---onion-crisps-375g,1.10,https://assets.sainsburys-groceries.co.uk/gol/6821961/1/640x640.jpg,Cheese & Onion Flavour Baked Potato Snack,,37.5,164,MEDIUM,LOW,MEDIUM,MEDIUM,3.9,,,,,,,,,,,
8036911,Walkers Oven Baked Prawn Cocktail Flavoured Crisp Snacks 37.5g,https://www.sainsburys.co.uk/shop/gb/groceries/product/details/walkers-baked-prawn-cocktail-snack-375g,1.10,https://assets.sainsburys-groceries.co.uk/gol/8036911/1/640x640.jpg,Prawn Cocktail Flavour Baked Potato Snack with Sugar and Sweetener,,37.5,164,MEDIUM,LOW,MEDIUM,MEDIUM,5,,,,,,,,,,,
8036909,Walkers Baked Salt & Vinegar Crisps Snacks 37.5g,https://www.sainsburys.co.uk/shop/gb/groceries/product/details/walkers-baked-salt-vinegar-snack-375g,1.10,https://assets.sainsburys-groceries.co.uk/gol/8036909/1/640x640.jpg,Salt & malt vinegar flavour baked potato snack,,37.5,163,MEDIUM,LOW,MEDIUM,MEDIUM,4,,,,,,,,,,,
7094414,Cadbury Boost Duo Chocolate Bar 63g,https://www.sainsburys.co.uk/shop/gb/groceries/product/details/cadbury-boost-duo-chocolate-bar-63g,1.30,https://assets.sainsburys-groceries.co.uk/gol/7094414/1/640x640.jpg,2 X Milk Chocolate Bars With Caramel (26 %) And Biscuit (3 %) Filling.,,63,162,,,,,4.9,,,,,,,,,,,
7860732,Walkers Quavers Cheese Crisp Snacks 34g,https://www.sainsburys.co.uk/shop/gb/groceries/product/details/walkers-quavers-cheese-crisp-snacks-34g,1.10,https://assets.sainsburys-groceries.co.uk/gol/7860732/1/640x640.jpg,Cheese Flavour Potato Snack.,,34,161,HIGH,MEDIUM,LOW,HIGH,4.7,,,,,,,,,,,
7981622,Sainsbury's On the Go Almonds 25g,https://www.sainsburys.co.uk/shop/gb/groceries/product/details/sainsburys-on-the-go-almonds-25g,0.70,https://assets.sainsburys-groceries.co.uk/gol/7981622/1/640x640.jpg,Almonds,{'Almonds'},25,157,HIGH,MEDIUM,LOW,LOW,4.5,157,14,1.1,9.6,2.6,1.7,1.1,0.7,1.6,5.3,0.01
7151808,Squares Chocolatey Rice Krispies 36g,https://www.sainsburys.co.uk/shop/gb/groceries/product/details/kelloggs-rice-krispies--totally-chocolate-36g,0.95,https://assets.sainsburys-groceries.co.uk/gol/7151808/1/640x640.jpg,Chocolate Flavoured Rice Cereal Bar with Milk Chocolate Chunks.,,36,156,,,,,5,,,,,,,,,,,
7860772,Walkers Wotsits Really Cheesy Crisp Snacks 36g,https://www.sainsburys.co.uk/shop/gb/groceries/product/details/walkers-wotsits-really-cheesy-crisp-snacks-36g,1.10,https://assets.sainsburys-groceries.co.uk/gol/7860772/1/640x640.jpg,Really Cheesy Flavour Corn Puffs,,36,148,HIGH,MEDIUM,MEDIUM,HIGH,4.4,,,,,,,,,,,
8124280,Cadbury Dairy Milk Chocolate Duo Bar 54.4g,https://www.sainsburys.co.uk/shop/gb/groceries/product/details/cadbury-dairy-milk-duo-chocolate-bars-544g,1.30,https://assets.sainsburys-groceries.co.uk/gol/8124280/1/640x640.jpg,Milk Chocolate.,,54.4,145,,,,,4.8,,,,,,,,,,,
8193596,Soreen Malt Loaf Slices x2 45g,https://www.sainsburys.co.uk/shop/gb/groceries/product/details/soreen-malt-loaf-slices-x2-45g,1.30,https://assets.sainsburys-groceries.co.uk/gol/8193596/1/640x640.jpg,2 slices of malt loaf with vegetable fat spread,,45,144,MEDIUM,MEDIUM,MEDIUM,MEDIUM,4.2,,,,,,,,,,,
7809055,Sainsbury's Food To Go Roasted Cashews 23g,https://www.sainsburys.co.uk/shop/gb/groceries/product/details/sainsburys-food-to-go-roasted-cashews-23g,0.80,https://assets.sainsburys-groceries.co.uk/gol/7809055/1/640x640.jpg,Roasted cashews,{'Cashew Nuts'},23,140,HIGH,HIGH,MEDIUM,LOW,4.8,140,11.3,1.9,7,1.9,4.3,1.5,2.8,1.2,4.7,0.01
2963792,Kellogg's Nutri-Grain Morning Bar Strawberry 37g,https://www.sainsburys.co.uk/shop/gb/groceries/product/details/kelloggs-nutrigrain-morning-bars-strawberry-x1-37g,0.85,https://assets.sainsburys-groceries.co.uk/gol/2963792/1/640x640.jpg,"Soft Baked Cereal Bar with A Strawberry Filling, Fortified with Vitamins and Minerals.","{'Wheat', 'Milk', 'Oat', 'Wholewheat', 'Soy'}",37,136,,,,,5,,,,,,,,,,,
8166328,Sunbites Sun Ripened Sweet Chilli Snacks 28g,https://www.sainsburys.co.uk/shop/gb/groceries/product/details/cheetos-crunchy-cheese-snacks-crisps-30g,1.10,https://assets.sainsburys-groceries.co.uk/gol/8166328/1/640x640.jpg,Sun Ripened Sweet Chilli Flavour Wholegrain Snack,,28,133,HIGH,MEDIUM,MEDIUM,MEDIUM,4.5,,,,,,,,,,,
7809050,Sainsbury's On the Go Nut Medley 20g,https://www.sainsburys.co.uk/shop/gb/groceries/product/details/sainsburys-on-the-go-nut-medley-20g,0.80,https://assets.sainsburys-groceries.co.uk/gol/7809050/1/640x640.jpg,"A mix of blanched almonds, cashew nuts, hazelnuts and pecan nuts","{'Almonds', 'Hazelnuts', 'Cashew Nuts', 'Pecan Nuts'}",20,129,HIGH,HIGH,LOW,LOW,4.5,129,11.5,1.1,7.4,2.4,1.6,0.5,1.3,1.3,4,0.01
8053895,Sainsbury's On the Go Free Range Egg Protein Pot Meal Snack 90g,https://www.sainsburys.co.uk/shop/gb/groceries/product/details/sainsburys-on-the-go-free-range-egg-protein-pot-meal-snack-90g,1.30,https://assets.sainsburys-groceries.co.uk/gol/8053895/1/640x640.jpg,Free range hard boiled eggs,{'Egg'},90,127,MEDIUM,MEDIUM,LOW,LOW,4.5,127,8.2,2.6,,,1.2,0.5,,0.5,12,0.18
7845000,Sainsbury's Sweet Potato Bhaji 64g,https://www.sainsburys.co.uk/shop/gb/groceries/product/details/sainsburys-sweet-potato-bhaji-64g,1.30,https://assets.sainsburys-groceries.co.uk/gol/7845000/1/640x640.jpg,"Indian spiced snacks made with sweet potato, red onion and black onion seeds",,64,125,MEDIUM,LOW,MEDIUM,MEDIUM,3.6,125,4.5,0.4,2.6,1.3,16.1,3.7,12.4,3.3,3.4,0.36
8133323,Popworks Sweet & Salty Popped Crisps 28g,https://www.sainsburys.co.uk/shop/gb/groceries/product/details/popworks-sweet-salty-popped-crisps-28g,1.10,https://assets.sainsburys-groceries.co.uk/gol/8133323/1/640x640.jpg,Sweet & Salty Popped-Corn Snack,,28,125,MEDIUM,LOW,MEDIUM,MEDIUM,4.4,,,,,,,,,,,
8103909,Graze Snack Box Marmite Crunch Mix 28g,https://www.sainsburys.co.uk/shop/gb/groceries/product/details/graze-marmite-crunch-28g,1.20,https://assets.sainsburys-groceries.co.uk/gol/8103909/1/640x640.jpg,"Broad beans, roasted corn and corn hoops in a yeast extract seasoning",,28,123,,,,,4.4,,,,,,,,,,,
3654316,Kinder Bueno Milk Chocolate & Hazelnuts Single Bar 2x21.5g,https://www.sainsburys.co.uk/shop/gb/groceries/product/details/kinder-bueno-43g,1.00,https://assets.sainsburys-groceries.co.uk/gol/3654316/1/640x640.jpg,Milk Chocolate Covered Wafer with Smooth Milky and Hazelnut Filling,,43,122,,,,,4.9,,,,,,,,,,,
7944192,Sainsbury's On The Go Vegetable Samosas x2,https://www.sainsburys.co.uk/shop/gb/groceries/product/details/sainsburys-on-the-go-vegetable-samosa,1.30,https://assets.sainsburys-groceries.co.uk/gol/7944192/1/640x640.jpg,"Potato, peas and carrots flavoured with ginger and spices encased in a poppy seed pastry",{'Wheat'},50,121,MEDIUM,LOW,LOW,MEDIUM,2.9,121,5.8,0.8,3.3,1.5,14.1,1.4,12.7,1.5,2.6,0.23
7800552,Cadbury Mini Rolls Milk Chocolate On The Go x2,https://www.sainsburys.co.uk/shop/gb/groceries/product/details/cadbury-mini-milk-chocolate-rolls-x2,1.10,https://assets.sainsburys-groceries.co.uk/gol/7800552/1/640x640.jpg,"Chocolate flavoured sponge with a vanilla flavour filling, covered with milk chocolate.",,50,120,,,,,4.8,,,,,,,,,,,
7923322,Sainsbury's On the Go Salt & Vinegar Chickpeas 50g,https://www.sainsburys.co.uk/shop/gb/groceries/product/details/sainsburys-on-the-go-salt-vinegar-chickpeas-50g,1.05,https://assets.sainsburys-groceries.co.uk/gol/7923322/1/640x640.jpg,Sea salt and cider vinegar flavoured crispy coated chickpeas,"{'Wheat', 'Barley'}",50,119,HIGH,MEDIUM,LOW,HIGH,4.3,119,6.4,0.4,4,1.7,12,0.9,11.1,2.7,2.3,0.47
8081836,Kinder Medium Chocolate Multipack Bars 2x21g,https://www.sainsburys.co.uk/shop/gb/groceries/product/details/kinder-medium-chocolate-multipack-bars-2x21g,0.85,https://assets.sainsburys-groceries.co.uk/gol/8081836/1/640x640.jpg,Fine Milk Chocolate with a Milky Filling,,42,119,,,,,4.5,,,,,,,,,,,
6662001,Kellogg's Rice Krispies Squares Marshmallow 28g,https://www.sainsburys.co.uk/shop/gb/groceries/product/details/kelloggs-rice-krispies-squares-marshmallow-28g,0.95,https://assets.sainsburys-groceries.co.uk/gol/6662001/1/640x640.jpg,Rice Cereal Bar with a Marshmallow Flavoured Coating.,,28,119,,,,,4.8,,,,,,,,,,,
3554562,Jacob's Mini Cheddars Original Crisps 45g,https://www.sainsburys.co.uk/shop/gb/groceries/product/details/mini-cheddars--original-50g,1.00,https://assets.sainsburys-groceries.co.uk/gol/3554562/1/640x640.jpg,Cheese Snack Biscuits,,45,116,,,,,4.8,,,,,,,,,,,
2517230,Cadbury Twirl Chocolate Bar Single 43g,https://www.sainsburys.co.uk/shop/gb/groceries/product/details/cadbury-twirl-43g,1.05,https://assets.sainsburys-groceries.co.uk/gol/2517230/1/640x640.jpg,2 Milk Chocolate Fingers.,,43,114,,,,,4.8,,,,,,,,,,,
8036046,Cadbury Twirl Orange Chocolate Bar 43g,https://www.sainsburys.co.uk/shop/gb/groceries/product/details/cadbury-twirl-orange-chocolate-bar-43g,1.05,https://assets.sainsburys-groceries.co.uk/gol/8036046/1/640x640.jpg,2 Orange Flavoured Milk Chocolate Fingers.,,43,114,,,,,4.8,,,,,,,,,,,
7858125,Peperami Single Hot 22.5g,https://www.sainsburys.co.uk/shop/gb/groceries/product/details/peperami-single-hot-225g,1.30,https://assets.sainsburys-groceries.co.uk/gol/7858125/1/640x640.jpg,Hot smoked pork salami sausage.,,22.5,112,,,,,3.8,,,,,,,,,,,
7858180,Peperami Original 22.5g,https://www.sainsburys.co.uk/shop/gb/groceries/product/details/peperami-original-225g-7858180-p-44,1.30,https://assets.sainsburys-groceries.co.uk/gol/7858180/1/640x640.jpg,Smoked pork salami sausage.,,22.5,112,,,,,4.4,,,,,,,,,,,
7809046,Sainsbury's On the Go Fruit & Nut Mix 25g,https://www.sainsburys.co.uk/shop/gb/groceries/product/details/sainsburys-on-the-go-fruit---nut-mix-25g,0.80,https://assets.sainsburys-groceries.co.uk/gol/7809046/1/640x640.jpg,"A mix of almonds, cashew nuts, crimson and flame raisins","{'Cashew Nuts', 'Almonds'}",25,112,HIGH,MEDIUM,LOW,LOW,,112,6.1,0.7,4,1.1,11,0.5,10.5,0.9,2.8,0.01
7455488,Kinder Bueno White Chocolate & Hazelnuts Bar 39g,https://www.sainsburys.co.uk/shop/gb/groceries/product/details/kinder-bueno-white-single-39g,1.00,https://assets.sainsburys-groceries.co.uk/gol/7455488/1/640x640.jpg,White Chocolate Covered Wafer with Smooth Milky and Hazelnut Filling,,39,111,,,,,4.8,,,,,,,,,,,
7073552,Cadbury Dairy Milk Chocolate Buttons 40g,https://www.sainsburys.co.uk/shop/gb/groceries/product/details/cadbury-giant-dairy-milk-buttons-bag-40g,1.05,https://assets.sainsburys-groceries.co.uk/gol/7073552/1/640x640.jpg,Milk chocolates.,,40,107,,,,,4.9,,,,,,,,,,,
7618479,Sainsbury's Pistachio Nuts 35g,https://www.sainsburys.co.uk/shop/gb/groceries/product/details/sainsburys-pistachio-nuts-35g,0.90,https://assets.sainsburys-groceries.co.uk/gol/7618479/1/640x640.jpg,Roasted pistachio nuts in shell,{'Pistachio Nuts.'},35,103,HIGH,HIGH,MEDIUM,LOW,4.2,103,8.4,1.1,4.6,2.4,2,1.3,0.7,1.1,4.2,0.01
7900288,Sainsbury's On the Go Wasabi Peas 50g,https://www.sainsburys.co.uk/shop/gb/groceries/product/details/sainsburys-on-the-go-wasabi-peas-50g,1.05,https://assets.sainsburys-groceries.co.uk/gol/7900288/1/640x640.jpg,Roasted marrowfat peas with a wasabi flavoured coating,,50,102,MEDIUM,MEDIUM,MEDIUM,MEDIUM,5,102,2.7,1,1.2,0.3,13.7,2,11.7,3.2,4,0.27
8115060,Fridge Raiders Southern Style Chicken Bites Meal Deal 45g,https://www.sainsburys.co.uk/shop/gb/groceries/product/details/fridge-raiders-southern-style-chicken-bites-meal-deal-50g,1.30,https://assets.sainsburys-groceries.co.uk/gol/8115060/1/640x640.jpg,Southern style flavour chopped and shaped chicken breast.,,45,100,,,,,4.5,,,,,,,,,,,
24,Sainsbury's Large Kiwi Fruit Single,https://www.sainsburys.co.uk/shop/gb/groceries/product/details/sainsburys-large-kiwi-fruit-single,0.30,https://assets.sainsburys-groceries.co.uk/gol/24/1/640x640.jpg,Kiwi Fruit Class I,,81,,,,,,3,43,0.5,,,,8.1,7.8,,,0.9,
79,Sainsbury's Oranges,https://www.sainsburys.co.uk/shop/gb/groceries/product/details/sainsburys-oranges,0.30,https://assets.sainsburys-groceries.co.uk/gol/79/1/100x100.jpg,Single Orange Class I,,110,,,,,,3.2,44,0.5,,,,9,9,,,0.9,
6617773,Sainsbury's Braeburn Apple Single,https://www.sainsburys.co.uk/shop/gb/groceries/product/details/sainsburys-braeburn-apple-single,0.35,https://assets.sainsburys-groceries.co.uk/gol/6617773/1/100x100.jpg,Apple Class I,,80,,,,,,3.3,1,0,,,,0,0,,0,0,0
6620654,Sainsbury's Conference Pear Single,https://www.sainsburys.co.uk/shop/gb/groceries/product/details/sainsburys-conference-pear-single,0.45,https://assets.sainsburys-groceries.co.uk/gol/6620654/1/640x640.jpg,Pears Class I,,80,,,,,,3.6,1,0,0,,,0,0,0,0,0,0
6617755,Sainsbury's Royal Gala Apple Single,https://www.sainsburys.co.uk/shop/gb/groceries/product/details/sainsburys-british-royal-gala-apple-single-c,0.35,https://assets.sainsburys-groceries.co.uk/gol/6617755/1/100x100.jpg,Apple Class I,,80,,,,,,3.7,1,0,,,,0,0,,0,0,0
7648347,Trek Cocoa Oat Protein Flapjack 50g,https://www.sainsburys.co.uk/shop/gb/groceries/product/details/trek-cocoa-oat-flapjack-50g,1.65,https://assets.sainsburys-groceries.co.uk/gol/7648347/1/640x640.jpg,Oat Bar with Soya Protein Crispies and Dark Chocolate Flavour Topping,,50,,,,,,3.8,,,,,,,,,,,
8069645,Serious Pig Snacking Pickles 40g,https://www.sainsburys.co.uk/shop/gb/groceries/product/details/serious-pig-snacking-pickles-40g,1.35,https://assets.sainsburys-groceries.co.uk/gol/8069645/1/640x640.jpg,Pickled Gherkins,,40,,,,,,3.8,,,,,,,,,,,
7555804,Sainsbury's Easy Peeler (each),https://www.sainsburys.co.uk/shop/gb/groceries/product/details/sainsburys-easy-peeler-each-,0.30,https://assets.sainsburys-groceries.co.uk/gol/7555804/1/640x640.jpg,Easy Peelers Class I,,80,,,,,,3.9,47,0.5,0.1,,,7.3,7.3,,1,3.5,0.01
7748505,Urban Fruit Gently Baked Mango 35g,https://www.sainsburys.co.uk/shop/gb/groceries/product/details/urban-fruit-magnificent-mango-35g,0.85,https://assets.sainsburys-groceries.co.uk/gol/7748505/1/640x640.jpg,Dried Mango,,35,,,,,,3.9,,,,,,,,,,,
8188770,Nakd Apple & Cinnamon Fruit & Fibre Bar 44g,https://www.sainsburys.co.uk/shop/gb/groceries/product/details/nakd-apple-cinnamon-fruit-fibre-bar-44g,1.45,https://assets.sainsburys-groceries.co.uk/gol/8188770/1/640x640.jpg,"Dried fruit and Peanut Bar With oats, seeds and Natural flavouring","{'Peanuts', 'Peanut', 'Oats'}",44,,,,,,3.9,,,,,,,,,,,
8165583,Higgidy Ham Hock & Cheddar Sausage Rolls 54g,https://www.sainsburys.co.uk/shop/gb/groceries/product/details/higgidy-ham-hock-cheddar-sausage-rolls-54g,1.50,https://assets.sainsburys-groceries.co.uk/gol/8165583/1/640x640.jpg,"British outdoor-bred pork sausage meat & smoked ham hock with 14-month aged West Country Cheddar & wholegrain mustard, wrapped in all-butter puff pastry, hand-topped with a Cheddar cheese sprinkle.",,54,,,,,,4,,,,,,,,,,,
8133606,Pipers Burrow Hill Cider Vinegar & Sea Salt Crisps 40g,https://www.sainsburys.co.uk/shop/gb/groceries/product/details/pipers-burrow-hill-cider-vinegar-sea-salt-crisps-40g,1.35,https://assets.sainsburys-groceries.co.uk/gol/8133606/1/640x640.jpg,Cider Vinegar & Sea Salt Flavour Potato Crisps,,40,,,,,,4,,,,,,,,,,,
6617988,Sainsbury's Pink Lady Apple Single,https://www.sainsburys.co.uk/shop/gb/groceries/product/details/sainsburys-pink-lady-apple-single-c,0.50,https://assets.sainsburys-groceries.co.uk/gol/6617988/1/640x640.jpg,Apple Class I,,80,,,,,,4.1,0,0,,,,0,0,,,0,
7533845,Sainsbury's Granny Smith Apples Single,https://www.sainsburys.co.uk/shop/gb/groceries/product/details/sainsburys-granny-smith-apples-single-c,0.35,https://assets.sainsburys-groceries.co.uk/gol/7533845/1/100x100.jpg,Apple Class I,,80,,,,,,4.1,1,0,,,,0,0,,,0,
7893316,Nakd Blueberry Muffin Fruit & Nut Bar 35g,https://www.sainsburys.co.uk/shop/gb/groceries/product/details/nakd-bar-blueberry-muffin-35g,1.00,https://assets.sainsburys-groceries.co.uk/gol/7893316/1/640x640.jpg,Dried Fruit & Nut Bar with Natural Flavouring,,35,,,,,,4.1,,,,,,,,,,,
7789368,Graze Snack Box Oat Boosts Cocoa & Vanilla Flapjack 50g,https://www.sainsburys.co.uk/shop/gb/groceries/product/details/graze-cocoa---vanilla-protein-flapjack-54g,1.20,https://assets.sainsburys-groceries.co.uk/gol/7789368/1/640x640.jpg,"Wholegrain oat flapjack with cocoa, chocolate and natural vanilla flavouring",,50,,,,,,4.3,,,,,,,,,,,
7901538,Rhythm 108 Creamy Coconut with Swiss Dark Chocolate 33g,https://www.sainsburys.co.uk/shop/gb/groceries/product/details/rhythm-108-gluten-free-super-coconut-swiss-dark-chocolate-33g,1.50,https://assets.sainsburys-groceries.co.uk/gol/7901538/1/640x640.jpg,Organic oat and coconut bar covered in a chocolate coating (55% minimum cocoa solids).,,33,,,,,,4.3,,,,,,,,,,,
8153200,N?kd Protein Bar Peanut Butter 45g,https://www.sainsburys.co.uk/shop/gb/groceries/product/details/nakd-peanut-butter-protein-bar-45g,1.45,https://assets.sainsburys-groceries.co.uk/gol/8153200/1/640x640.jpg,Dates & Peanut Bar with Natural flavouring,,45,,,,,,4.3,,,,,,,,,,,
7756822,Arla Blueberry High Protein Yogurt 200g,https://www.sainsburys.co.uk/shop/gb/groceries/product/details/arla-protein-blueberry-yogurt-200g,1.25,https://assets.sainsburys-groceries.co.uk/gol/7756822/1/640x640.jpg,Blueberry Flavoured Strained Yogurt with Sweetener.,,200,,,,,,4.4,,,,,,,,,,,
7754953,Graze Snack Box Chilli & Lime Punchy Protein Mixed Nuts 38g,https://www.sainsburys.co.uk/shop/gb/groceries/product/details/graze-snack-box-punchy-protein-nuts-35g,1.20,https://assets.sainsburys-groceries.co.uk/gol/7754953/1/640x640.jpg,"Chilli & lime flavoured cashews, lightly salted peanuts and almonds",,38,,,,,,4.4,,,,,,,,,,,
7748522,Urban Fruit Gently Baked Strawberries 35g,https://www.sainsburys.co.uk/shop/gb/groceries/product/details/urban-fruit-smashing-strawberry-35g,0.85,https://assets.sainsburys-groceries.co.uk/gol/7748522/1/640x640.jpg,Dried strawberries infused with apple juice concentrate,,35,,,,,,4.4,,,,,,,,,,,
8153246,Nakd Cocoa Hazelnut Protein Bar 45g,https://www.sainsburys.co.uk/shop/gb/groceries/product/details/nakd-cocoa-hazelnut-protein-bar-45g,1.45,https://assets.sainsburys-groceries.co.uk/gol/8153246/1/640x640.jpg,"Dates & Peanut Bar with Hazelnuts, Cocoa Powder and Natural flavourings",,45,,,,,,4.4,,,,,,,,,,,
2605555,Maltesers Milk Chocolate & Honeycomb Snack Bag 37g,https://www.sainsburys.co.uk/shop/gb/groceries/product/details/maltesers-standard-bag-37g,0.95,https://assets.sainsburys-groceries.co.uk/gol/2605555/1/640x640.jpg,Milk chocolate (73%) with a honeycombed centre (23%).,,37,,,,,,4.5,,,,,,,,,,,
7972560,Serious Pig Crunchy Snacking Cheese 24g,https://www.sainsburys.co.uk/shop/gb/groceries/product/details/serious-pig-snacking-cheese-classic-24g,1.35,https://assets.sainsburys-groceries.co.uk/gol/7972560/1/640x640.jpg,Crispy bites made of mature hard cheese,,24,,,,,,4.5,,,,,,,,,,,
8206329,Pipers Great Berwick Longhorn Beef Crisps 40g,https://www.sainsburys.co.uk/shop/gb/groceries/product/details/pipers-great-berwick-longhorn-beef-crisps-40g,1.35,https://assets.sainsburys-groceries.co.uk/gol/8206329/1/640x640.jpg,Longhorn Beef Flavour Potato Crisps,,40,,,,,,4.5,,,,,,,,,,,
6831973,Mars Caramel Nougat & Milk Chocolate Snack Bar 51g,https://www.sainsburys.co.uk/shop/gb/groceries/product/details/mars-single-bar-58g,0.95,https://assets.sainsburys-groceries.co.uk/gol/6831973/1/640x640.jpg,Milk chocolate (40%) with soft nougat (32%) and caramel centre (27%).,,51,,,,,,4.6,,,,,,,,,,,
8008709,Graze Snack Box Oat Boosts Peanut Butter Protein Flapjack 50g,https://www.sainsburys.co.uk/shop/gb/groceries/product/details/graze-peanut-butter-chcolate-fjack-50g,1.20,https://assets.sainsburys-groceries.co.uk/gol/8008709/1/640x640.jpg,Wholegrain oat flapjack with roasted peanuts and peanut butter,,50,,,,,,4.6,,,,,,,,,,,
8168274,Taste Original Chicken Satay Skewers & Sweet Chilli Dip 55g,https://www.sainsburys.co.uk/shop/gb/groceries/product/details/taste-original-chicken-satay-skewers-sweet-chilli-dip-55g,1.75,https://assets.sainsburys-groceries.co.uk/gol/8168274/1/640x640.jpg,Reformed Marinated Chicken with Spices Cooked onto a Wooden Skewer with Sweet Chilli Sauce.,,55,,,,,,4.6,,,,,,,,,,,
7878358,Love Corn Sea Salt Delicious Crunchy Corn 45g,https://www.sainsburys.co.uk/shop/gb/groceries/product/details/love-corn-sea-salt-crunchy-corn-45g,1.10,https://assets.sainsburys-groceries.co.uk/gol/7878358/1/640x640.jpg,"In life and in snacks, it's all about finding love in the simple things!",,45,,,,,,4.6,,,,,,,,,,,
8008474,Love Corn Salt & Vinegar Crunchy Corn Snack 45g,https://www.sainsburys.co.uk/shop/gb/groceries/product/details/love-corn-salt-vinegar-45g,1.10,https://assets.sainsburys-groceries.co.uk/gol/8008474/1/640x640.jpg,Gluten free,,45,,,,,,4.6,,,,,,,,,,,
8065663,Love Corn Cheese & Onion Premium Crunchy Corn 45g,https://www.sainsburys.co.uk/shop/gb/groceries/product/details/love-corn-cheese-onion-premium-crunchy-corn-45g,1.10,https://assets.sainsburys-groceries.co.uk/gol/8065663/1/640x640.jpg,"In life and in snacks, it's all about finding love in the simple things!",,45,,,,,,4.6,,,,,,,,,,,
8206780,Pipers Anglesey Sea Salt Crisps 40g,https://www.sainsburys.co.uk/shop/gb/groceries/product/details/pipers-anglesey-sea-salt-crisps-40g,1.35,https://assets.sainsburys-groceries.co.uk/gol/8206780/1/640x640.jpg,Anglesey Sea Salt Flavour Potato Crisps,,40,,,,,,4.6,,,,,,,,,,,
8152570,Kind Chocolate Chip Cashew Cereal Bar 40g,https://www.sainsburys.co.uk/shop/gb/groceries/product/details/kind-chocolate-chip-cashew-nut-bar-40g,1.40,https://assets.sainsburys-groceries.co.uk/gol/8152570/1/640x640.jpg,"Mixed Nuts (81%) Bar with Cashews (30%), Almonds (22%), Peanuts (29%), and Chocolate Chips (3%).",,40,,,,,,4.6,,,,,,,,,,,
7754945,Graze Snack Box Oat Boosts Lemon Drizzle Flapjack 50g,https://www.sainsburys.co.uk/shop/gb/groceries/product/details/graze-snack-box-lemon-drizzle-flapjack-53g,1.20,https://assets.sainsburys-groceries.co.uk/gol/7754945/1/640x640.jpg,Lemon flavoured wholegrain oat flapjack topped with a yoghurt drizzle,,50,,,,,,4.7,,,,,,,,,,,
8085831,Reese's Peanut Butter Cups x2 42g,https://www.sainsburys.co.uk/shop/gb/groceries/product/details/reeses-peanut-butter-cups-x2-42g,1.00,https://assets.sainsburys-groceries.co.uk/gol/8085831/1/640x640.jpg,Peanut Butter Crƒçme in a Chocolate Flavour Coating,,42,,,,,,4.7,,,,,,,,,,,
6831988,Snickers Caramel Nougat Peanuts & Milk Chocolate Snack Bar 48g,https://www.sainsburys.co.uk/shop/gb/groceries/product/details/snickers-single-58g,0.95,https://assets.sainsburys-groceries.co.uk/gol/6831988/1/640x640.jpg,Milk chocolate (35%) with soft nougat (14%) and caramel centre (28%) with peanuts (22%).,,48,,,,,,4.7,,,,,,,,,,,
2517049,Twix Caramel & Milk Chocolate Fingers Biscuit Snack Bar 50g,https://www.sainsburys.co.uk/shop/gb/groceries/product/details/twix-twin-58g,0.95,https://assets.sainsburys-groceries.co.uk/gol/2517049/1/640x640.jpg,Milk chocolate (35%) covered caramel (32%) and biscuit (26%).,,50,,,,,,4.7,,,,,,,,,,,
6652803,Galaxy Smooth Milk Chocolate Snack Bar Vegetarian 42g,https://www.sainsburys.co.uk/shop/gb/groceries/product/details/galaxy-milk-46g,0.95,https://assets.sainsburys-groceries.co.uk/gol/6652803/1/640x640.jpg,Milk chocolate.,,42,,,,,,4.7,,,,,,,,,,,
8002001,Trek Salted Caramel Protein Flapjack 50g,https://www.sainsburys.co.uk/shop/gb/groceries/product/details/trek-salted-caramel-flapjack-50g,1.65,https://assets.sainsburys-groceries.co.uk/gol/8002001/1/640x640.jpg,Oat Bar with Soya Protein Crispies and Salted Caramel Flavour Topping,,50,,,,,,4.7,,,,,,,,,,,
7878373,Love Corn Smoked BBQ Roasted Corn Snack 45g,https://www.sainsburys.co.uk/shop/gb/groceries/product/details/love-corn-smoked-bbq-roasted-corn-snack-45g,1.10,https://assets.sainsburys-groceries.co.uk/gol/7878373/1/640x640.jpg,"In life and in snacks, it's all about finding love in the simple things!",,45,,,,,,4.7,,,,,,,,,,,
8190657,McVitie's Gold Billions Wafer Golden Caramel Chocolate 39g,https://www.sainsburys.co.uk/shop/gb/groceries/product/details/mcvities-gold-billions-wafer-golden-caramel-chocolate-39g,0.85,https://assets.sainsburys-groceries.co.uk/gol/8190657/1/640x640.jpg,Cream Filled Wafer Bar with Milk Chocolate and White Chocolate and Caramel Flavoured Coating,,39,,,,,,4.7,,,,,,,,,,,
7748517,Urban Fruit Gently Baked Pineapple 35g,https://www.sainsburys.co.uk/shop/gb/groceries/product/details/urban-fruit-perfect-pineapple-35g,1.10,https://assets.sainsburys-groceries.co.uk/gol/7748517/1/640x640.jpg,Dried Pineapple,,35,,,,,,4.7,,,,,,,,,,,
8124611,Graze Cherry Bakewell Fibre Flapjack 53g,https://www.sainsburys.co.uk/shop/gb/groceries/product/details/graze-cherry-bakewell-fibre-flapjack-53g,1.20,https://assets.sainsburys-groceries.co.uk/gol/8124611/1/640x640.jpg,Wholegrain oat flapjack with cherries and almonds,,53,,,,,,4.7,,,,,,,,,,,
8190121,Jammie Dodgers Raspberry Flavour Giant Jammie 50g,https://www.sainsburys.co.uk/shop/gb/groceries/product/details/jammie-dodgers-raspberry-flavour-giant-jammie-50g,1.00,https://assets.sainsburys-groceries.co.uk/gol/8190121/1/640x640.jpg,Shortcake Biscuits with a Raspberry Flavour Apple Jam,,50,,,,,,4.7,,,,,,,,,,,
8191367,Grenade Oreo Protein Bar 35g,https://www.sainsburys.co.uk/shop/gb/groceries/product/details/grenade-oreo-35g,2.15,https://assets.sainsburys-groceries.co.uk/gol/8191367/1/640x640.jpg,Cocoa Flavoured Protein Bar in Milk Chocolate with Sweeteners and Biscuits Pieces (5%).,,35,,,,,,4.7,,,,,,,,,,,
8037995,NOMO Vegan & Free From Caramel Chocolate Bar 38g,https://www.sainsburys.co.uk/shop/gb/groceries/product/details/nomo-vegan-free-from-caramel-chocolate-bar-38g,1.20,https://assets.sainsburys-groceries.co.uk/gol/8037995/1/640x640.jpg,Non-dairy alternative to milk chocolate with a vegan caramel flavour centre (30%).,,38,,,,,,4.8,,,,,,,,,,,
7644216,Lindt Lindor Treat Bar 38g,https://www.sainsburys.co.uk/shop/gb/groceries/product/details/lindt-lindor-treat-bar-38g,1.30,https://assets.sainsburys-groceries.co.uk/gol/7644216/1/640x640.jpg,Milk chocolate with a smooth melting filling (41%),,38,,,,,,4.8,,,,,,,,,,,
8182544,Trek Power Biscoff Protein Bar 55g,https://www.sainsburys.co.uk/shop/gb/groceries/product/details/trek-power-biscoff-protein-bar-55g,1.95,https://assets.sainsburys-groceries.co.uk/gol/8182544/1/640x640.jpg,15g Plant-Based Protein,,55,,,,,,4.8,,,,,,,,,,,
8165524,Higgidy Cheddar & Caramelised Onion Chutney Rolls,https://www.sainsburys.co.uk/shop/gb/groceries/product/details/higgidy-cheddar-onion-chutney-veggie-rolls-54g,1.50,https://assets.sainsburys-groceries.co.uk/gol/8165524/1/640x640.jpg,"Mature Cheddar & Red Leicester cheeses with caramelised onion chutney wrapped in all-butter puff pastry, hand-topped with a cheese & crispy onion crumb.",,54,,,,,,4.8,,,,,,,,,,,
8033439,Trek Millionaire Shortbread Power Protein Bar 55g,https://www.sainsburys.co.uk/shop/gb/groceries/product/details/trek-power-millionaire-shortbread-protein-bar-55g,1.95,https://assets.sainsburys-groceries.co.uk/gol/8033439/1/640x640.jpg,"Millionaire Shortbread Inspired High Protein Bar, Covered in A Natural Chocolate Alternative",,55,,,,,,5,,,,,,,,,,,
2566702,Galaxy Ripple Milk Chocolate Snack Bar 33g,https://www.sainsburys.co.uk/shop/gb/groceries/product/details/galaxy-ripple-33g,0.95,https://assets.sainsburys-groceries.co.uk/gol/2566702/1/640x640.jpg,Milk chocolate with a rippled centre.,,33,,,,,,5,,,,,,,,,,,
7959126,Cathedral City Snack Bar Original  Mature Cheddar Cheese 24g,https://www.sainsburys.co.uk/shop/gb/groceries/product/details/cathedral-city-snack-bar-original-cheese-24g,1.30,https://assets.sainsburys-groceries.co.uk/gol/7959126/1/640x640.jpg,Cheddar cheese.,,24,,,,,,5,,,,,,,,,,,
7861546,Itsu Sweet Chilli Prawn Crackers 19g,https://www.sainsburys.co.uk/shop/gb/groceries/product/details/itsu-sweet-chilli-prawn-crackers-19g,0.80,https://assets.sainsburys-groceries.co.uk/gol/7861546/1/640x640.jpg,Sweet chilli flavour prawn crackers made with tapioca flour,,19,,,,,,5,,,,,,,,,,,
8190231,Pick Up! Original 28g,https://www.sainsburys.co.uk/shop/gb/groceries/product/details/pick-up%21-original-28g,0.85,https://assets.sainsburys-groceries.co.uk/gol/8190231/1/640x640.jpg,Milk chocolate bar (45%) between two crisp biscuits.,,28,,,,,,5,,,,,,,,,,,
8190923,Grenade Oreo White Protein Bar 35g,https://www.sainsburys.co.uk/shop/gb/groceries/product/details/grenade-oreo-white-35g,2.15,https://assets.sainsburys-groceries.co.uk/gol/8190923/1/640x640.jpg,"Cocoa Flavoured Protein Bar with Biscuit Pieces (4.5%) and Sweeteners, in White Chocolate with Sweetener (21%).",,35,,,,,,5,,,,,,,,,,,
8206778,Pipers Biggleswade Sweet Chilli Crisps 40g,https://www.sainsburys.co.uk/shop/gb/groceries/product/details/pipers-biggleswade-sweet-chilli-crisps-40g,1.35,https://assets.sainsburys-groceries.co.uk/gol/8206778/1/640x640.jpg,Sweet Chilli Flavour Potato Crisps,,40,,,,,,5,,,,,,,,,,,
8174654,Nakd Cocoa Orange Big Bar 45g,https://www.sainsburys.co.uk/shop/gb/groceries/product/details/n-kd-big-bar-cocoa-orange-45g,1.45,https://assets.sainsburys-groceries.co.uk/gol/8174654/1/640x640.jpg,"Fruit & Nut Bar Containing Cocoa, Orange extract and Natural flavouring",,45,,,,,,5,,,,,,,,,,,
8174657,Nakd Blueberry Muffin Big Bar 45g,https://www.sainsburys.co.uk/shop/gb/groceries/product/details/n-kd-big-bar-blueberry-muffin-45g,1.45,https://assets.sainsburys-groceries.co.uk/gol/8174657/1/640x640.jpg,Fruit & Nut Bar Containing Blueberries and Natural flavouring,,45,,,,,,5,,,,,,,,,,,
8193566,Taste Original Chicken Skewers & Chipotle BBQ Dip Southern Fried 55g,https://www.sainsburys.co.uk/shop/gb/groceries/product/details/taste-original-chicken-skewers-chipotle-bbq-dip-southern-fried-55g,1.75,https://assets.sainsburys-groceries.co.uk/gol/8193566/1/640x640.jpg,"Reformed Chicken with Spices Cooked Onto a Skewer, with a Smoky Chipotle BBQ Dip.",,55,,,,,,5,,,,,,,,,,,
8190640,Deliciously Ella Apple & Raisin Oat Bar 50g,https://www.sainsburys.co.uk/shop/gb/groceries/product/details/deliciously-ella-apple-raisin-oat-bar-50g,1.10,https://assets.sainsburys-groceries.co.uk/gol/8190640/1/640x640.jpg,"Baked flapjack oat bar with raisins, apple pieces and cinnamon.",,50,,,,,,5,,,,,,,,,,,
8190638,Deliciously Ella Peanut Butter Oat Bar 50g,https://www.sainsburys.co.uk/shop/gb/groceries/product/details/deliciously-ella-peanut-butter-oat-bar-50g,1.10,https://assets.sainsburys-groceries.co.uk/gol/8190638/1/640x640.jpg,Baked flapjack oat bar with peanuts and peanut butter.,,50,,,,,,5,,,,,,,,,,,
8033437,Trek Peanut Butter Crunch Power Protein Bar 55g,https://www.sainsburys.co.uk/shop/gb/groceries/product/details/trek-power-peanut-butter-crunch-protein-bar-55g,1.95,https://assets.sainsburys-groceries.co.uk/gol/8033437/1/640x640.jpg,"Peanut Butter High Protein Bar, Covered in A Natural Chocolate Alternative",,55,,,,,,,,,,,,,,,,,
8190550,itsu Crispy Seaweed Thins Sea Salt 5g,https://www.sainsburys.co.uk/shop/gb/groceries/product/details/itsu-crispy-seaweed-thins-sea-salt-5g,1.00,https://assets.sainsburys-groceries.co.uk/gol/8190550/1/640x640.jpg,Sea salt crispy seaweed thins,,5,,,,,,,,,,,,,,,,,
8190548,itsu Crispy Seaweed Thins Sweet Soy & Sea Salt 5g,https://www.sainsburys.co.uk/shop/gb/groceries/product/details/itsu-crispy-seaweed-thins-sweet-soy-sea-salt-5g,1.00,https://assets.sainsburys-groceries.co.uk/gol/8190548/1/640x640.jpg,Sweet soy & sea salt flavoured crispy seaweed thins,,5,,,,,,,,,,,,,,,,,
8133600,Pipers Trealy Farm Chorizo Crisps 40g,https://www.sainsburys.co.uk/shop/gb/groceries/product/details/pipers-trealy-farm-chorizo-crisps-40g,1.35,https://assets.sainsburys-groceries.co.uk/gol/8133600/1/640x640.jpg,Chorizo Flavour Potato Crisps,,40,,,,,,,,,,,,,,,,,